name,elapsed_s,success,exists,ssim,psnr,l2,linf,size_bytes
baseline_steps20_iter50,23.19,1/1,True,0.961871,35.7848,8.4138,0.078431,192865
steps1_iter5,10.10,0/1,True,0.972631,37.1247,7.2110,0.066667,191949
steps2_iter5,10.11,0/1,True,0.963748,35.8065,8.3928,0.086275,192849
steps3_iter5,11.11,0/1,True,0.963106,35.6935,8.5027,0.086275,192579
steps4_iter5,12.12,1/1,True,0.961018,35.4704,8.7240,0.086275,192794
steps5_iter5,12.12,1/1,True,0.960554,35.4162,8.7785,0.086275,192706
